{
  "hash": "1e9205d3",
  "configHash": "28ea9051",
  "lockfileHash": "abc8e4b8",
  "browserHash": "8604b6e8",
  "optimized": {
    "@angular/common": {
      "src": "../../../../../../node_modules/@angular/common/fesm2022/common.mjs",
      "file": "@angular_common.js",
      "fileHash": "0ecf5561",
      "needsInterop": false
    },
    "@angular/core": {
      "src": "../../../../../../node_modules/@angular/core/fesm2022/core.mjs",
      "file": "@angular_core.js",
      "fileHash": "7481c471",
      "needsInterop": false
    },
    "@angular/platform-browser": {
      "src": "../../../../../../node_modules/@angular/platform-browser/fesm2022/platform-browser.mjs",
      "file": "@angular_platform-browser.js",
      "fileHash": "ec0f251c",
      "needsInterop": false
    },
    "zone.js": {
      "src": "../../../../../../node_modules/zone.js/fesm2015/zone.js",
      "file": "zone__js.js",
      "fileHash": "1f7101f1",
      "needsInterop": true
    }
  },
  "chunks": {
    "chunk-VI7PMIAJ": {
      "file": "chunk-VI7PMIAJ.js"
    },
    "chunk-E6K6ZDTF": {
      "file": "chunk-E6K6ZDTF.js"
    },
    "chunk-WDMUDEB6": {
      "file": "chunk-WDMUDEB6.js"
    }
  }
}