{
  "hash": "3ba41a1f",
  "configHash": "ed9caaec",
  "lockfileHash": "30d432b4",
  "browserHash": "41cdc6ed",
  "optimized": {
    "@angular/common": {
      "src": "../../../../../../node_modules/@angular/common/fesm2022/common.mjs",
      "file": "@angular_common.js",
      "fileHash": "76027955",
      "needsInterop": false
    },
    "@angular/core": {
      "src": "../../../../../../node_modules/@angular/core/fesm2022/core.mjs",
      "file": "@angular_core.js",
      "fileHash": "01e0b734",
      "needsInterop": false
    },
    "@angular/platform-browser": {
      "src": "../../../../../../node_modules/@angular/platform-browser/fesm2022/platform-browser.mjs",
      "file": "@angular_platform-browser.js",
      "fileHash": "9c6e68dd",
      "needsInterop": false
    },
    "@angular/router": {
      "src": "../../../../../../node_modules/@angular/router/fesm2022/router.mjs",
      "file": "@angular_router.js",
      "fileHash": "44b14d2a",
      "needsInterop": false
    },
    "zone.js": {
      "src": "../../../../../../node_modules/zone.js/fesm2015/zone.js",
      "file": "zone__js.js",
      "fileHash": "69cd55fc",
      "needsInterop": true
    }
  },
  "chunks": {
    "chunk-7AAFODVO": {
      "file": "chunk-7AAFODVO.js"
    },
    "chunk-NZHL5IVY": {
      "file": "chunk-NZHL5IVY.js"
    },
    "chunk-DZP4VU3Z": {
      "file": "chunk-DZP4VU3Z.js"
    },
    "chunk-WDMUDEB6": {
      "file": "chunk-WDMUDEB6.js"
    }
  }
}